,file,img_type,exptime,ccd_temp,ff_geometry,crop_geometry,offset,min,max,signal,std_dev,signal-offset,data,read(DN)
6,Bias.1x1.-30.00C.00034314.fit,bias,0.0,-30.0,"(3600, 4500)","(1000, 1000)",1028.1917595,980,3805,1028.192348,10.476702164655446,0.0005885000000489526,"[[1031 1036 1023 ... 1029 1015 1021]
 [1035 1048 1019 ... 1022 1010 1021]
 [1031 1014 1022 ... 1039 1034 1019]
 ...
 [1026 1033 1017 ... 1018 1023 1028]
 [1037 1027 1008 ... 1025 1013 1018]
 [1021 1015 1006 ... 1036 1033 1029]]",10.09920004749726
9,Bias.1x1.-30.00C.00034313.fit,bias,0.0,-30.0,"(3600, 4500)","(1000, 1000)",1028.1917595,982,1078,1028.191171,9.721697930339074,-0.0005885000000489526,"[[1032 1034 1024 ... 1018 1026 1020]
 [1023 1026 1023 ... 1033 1035 1030]
 [1028 1015 1018 ... 1019 1016 1030]
 ...
 [1031 1023 1030 ... 1028 1026 1033]
 [1019 1037 1033 ... 1040 1034 1029]
 [1016 1034 1023 ... 1040 1046 1047]]",10.09920004749726
32,Dark.60.000secs.1x1.-30.00C.00034316.fit,dark,60.0,-30.0,"(3600, 4500)","(1000, 1000)",1028.1917595,983,27239,1029.703937,28.63690953472513,1.512177500000007,"[[1029 1026 1044 ... 1040 1026 1018]
 [1028 1026 1024 ... 1028 1040 1027]
 [1042 1013 1060 ... 1033 1031 1031]
 ...
 [1022 1032 1040 ... 1037 1028 1036]
 [1038 1018 1033 ... 1025 1036 1025]
 [1018 1026 1048 ... 1028 1025 1044]]",10.09920004749726
60,Dark.60.000secs.1x1.-30.00C.00034315.fit,dark,60.0,-30.0,"(3600, 4500)","(1000, 1000)",1028.1917595,981,27139,1029.666624,28.566136498354552,1.474864499999967,"[[1042 1035 1026 ... 1039 1023 1023]
 [1025 1050 1029 ... 1044 1043 1014]
 [1044 1028 1017 ... 1032 1033 1035]
 ...
 [1013 1036 1027 ... 1041 1022 1039]
 [1025 1049 1024 ... 1035 1025 1033]
 [1026 1031 1019 ... 1023 1033 1034]]",10.09920004749726
26,Dark.300.000secs.1x1.-30.00C.00034317.fit,dark,300.0,-30.0,"(3600, 4500)","(1000, 1000)",1028.1917595,992,57103,1035.450934,63.602451639285434,7.259174499999972,"[[1049 1034 1043 ... 1028 1044 1020]
 [1020 1042 1027 ... 1023 1024 1030]
 [1021 1025 1029 ... 1020 1016 1039]
 ...
 [1030 1060 1037 ... 1024 1051 1026]
 [1048 1030 1030 ... 1059 1026 1023]
 [1017 1019 1043 ... 1014 1039 1029]]",10.09920004749726
36,Dark.300.000secs.1x1.-30.00C.00034318.fit,dark,300.0,-30.0,"(3600, 4500)","(1000, 1000)",1028.1917595,990,57187,1035.828447,64.64743441597811,7.636687500000107,"[[1033 1033 1030 ... 1023 1042 1044]
 [1018 1031 1038 ... 1031 1044 1029]
 [1030 1040 1023 ... 1029 1038 1040]
 ...
 [1041 1045 1033 ... 1047 1040 1032]
 [1023 1043 1035 ... 1061 1055 1030]
 [1037 1026 1031 ... 1030 1043 1022]]",10.09920004749726
27,Dark.600.000secs.1x1.-30.00C.00034319.fit,dark,600.0,-30.0,"(3600, 4500)","(1000, 1000)",1028.1917595,992,65535,1042.642728,82.87541779513401,14.450968500000045,"[[1054 1050 1051 ... 1036 1032 1040]
 [1059 1041 1028 ... 1039 1052 1017]
 [1044 1063 1026 ... 1048 1056 1025]
 ...
 [1024 1062 1039 ... 1057 1058 1041]
 [1029 1054 1022 ... 1064 1053 1048]
 [1030 1019 1033 ... 1036 1030 1037]]",10.09920004749726
49,Dark.600.000secs.1x1.-30.00C.00034320.fit,dark,600.0,-30.0,"(3600, 4500)","(1000, 1000)",1028.1917595,991,65535,1043.053073,83.33151153229294,14.861313500000051,"[[1029 1059 1032 ... 1032 1039 1041]
 [1039 1047 1046 ... 1046 1056 1042]
 [1028 1052 1032 ... 1023 1031 1058]
 ...
 [1050 1041 1034 ... 1051 1031 1048]
 [1035 1034 1036 ... 1083 1044 1037]
 [1043 1039 1025 ... 1024 1066 1034]]",10.09920004749726
22,Dark.900.000secs.1x1.-30.00C.00034321.fit,dark,900.0,-30.0,"(3600, 4500)","(1000, 1000)",1028.1917595,1001,65535,1050.092134,97.16759859812346,21.900374499999998,"[[1028 1036 1031 ... 1044 1052 1058]
 [1035 1037 1066 ... 1039 1036 1038]
 [1057 1044 1051 ... 1054 1031 1033]
 ...
 [1050 1053 1052 ... 1039 1037 1069]
 [1076 1057 1052 ... 1126 1050 1049]
 [1061 1045 1059 ... 1044 1055 1052]]",10.09920004749726
29,Dark.900.000secs.1x1.-30.00C.00034322.fit,dark,900.0,-30.0,"(3600, 4500)","(1000, 1000)",1028.1917595,994,65535,1050.507533,97.29310759377518,22.315773499999978,"[[1038 1040 1050 ... 1043 1056 1052]
 [1052 1051 1053 ... 1067 1055 1057]
 [1046 1053 1052 ... 1046 1050 1049]
 ...
 [1041 1060 1083 ... 1057 1049 1070]
 [1042 1043 1037 ... 1132 1080 1054]
 [1046 1050 1041 ... 1048 1053 1028]]",10.09920004749726
51,Dark.1200.000secs.1x1.-30.00C.00034323.fit,dark,1200.0,-30.0,"(3600, 4500)","(1000, 1000)",1028.1917595,1002,65535,1058.488078,111.2297058067939,30.296318500000098,"[[1050 1081 1051 ... 1046 1044 1065]
 [1045 1068 1060 ... 1029 1034 1057]
 [1068 1076 1051 ... 1049 1050 1050]
 ...
 [1045 1056 1065 ... 1053 1071 1053]
 [1065 1053 1054 ... 1165 1066 1052]
 [1083 1064 1058 ... 1054 1085 1036]]",10.09920004749726
66,Dark.1200.000secs.1x1.-30.00C.00034324.fit,dark,1200.0,-30.0,"(3600, 4500)","(1000, 1000)",1028.1917595,1004,65535,1058.884703,111.36093656036569,30.692943499999956,"[[1059 1034 1062 ... 1062 1050 1066]
 [1058 1061 1058 ... 1046 1071 1045]
 [1053 1064 1052 ... 1050 1072 1054]
 ...
 [1048 1043 1058 ... 1055 1059 1068]
 [1067 1074 1066 ... 1149 1049 1065]
 [1048 1066 1069 ... 1036 1064 1046]]",10.09920004749726
24,Dark.1800.000secs.1x1.-30.00C.00034325.fit,dark,1800.0,-30.0,"(3600, 4500)","(1000, 1000)",1028.1917595,1012,65535,1073.991224,138.70857906770516,45.79946450000011,"[[1056 1062 1059 ... 1090 1069 1095]
 [1074 1072 1069 ... 1061 1091 1076]
 [1055 1073 1076 ... 1074 1079 1066]
 ...
 [1077 1089 1101 ... 1089 1065 1092]
 [1058 1085 1084 ... 1195 1071 1102]
 [1076 1082 1068 ... 1070 1064 1066]]",10.09920004749726
63,Dark.1800.000secs.1x1.-30.00C.00034326.fit,dark,1800.0,-30.0,"(3600, 4500)","(1000, 1000)",1028.1917595,1011,65535,1074.68835,138.7701881755498,46.49659049999991,"[[1057 1069 1069 ... 1079 1069 1099]
 [1070 1080 1101 ... 1055 1100 1079]
 [1077 1079 1078 ... 1051 1067 1052]
 ...
 [1106 1062 1081 ... 1121 1090 1071]
 [1060 1079 1091 ... 1195 1104 1077]
 [1074 1065 1049 ... 1086 1104 1054]]",10.09920004749726
37,Bias.1x1.-25.00C.00034299.fit,bias,0.0,-25.0,"(3600, 4500)","(1000, 1000)",1024.5012235,983,1074,1024.290541,9.676314635609932,-0.210682499999848,"[[1029 1033 1016 ... 1017 1034 1012]
 [1022 1040 1033 ... 1021 1030 1019]
 [1034 1018 1024 ... 1029 1016 1037]
 ...
 [1029 1028 1021 ... 1002 1029 1012]
 [1026 1020 1029 ... 1021 1019 1016]
 [1026 1023 1017 ... 1019 1027 1041]]",9.690382164387305
39,Bias.1x1.-25.00C.00034300.fit,bias,0.0,-25.0,"(3600, 4500)","(1000, 1000)",1024.5012235,980,1675,1024.711906,9.704449693164678,0.21068250000007538,"[[1021 1008 1008 ... 1027 1017 1034]
 [1023 1010 1030 ... 1029 1011 1008]
 [1047 1028 1033 ... 1023 1024 1024]
 ...
 [1030 1039 1008 ... 1029 1028 1004]
 [1022 1031 1028 ... 1016 1019 1049]
 [1030 1022 1017 ... 1006 1027 1023]]",9.690382164387305
2,Dark.60.000secs.1x1.-25.00C.00034301.fit,dark,60.0,-25.0,"(3600, 4500)","(1000, 1000)",1024.5012235,978,33554,1026.562627,35.32773539103334,2.0614035000000968,"[[1024 1024 1017 ... 1025 1036 1018]
 [1021 1002 1027 ... 1012 1019 1012]
 [1019 1013 1036 ... 1024 1027 1040]
 ...
 [1022 1037 1010 ... 1017 1017 1039]
 [1038  995 1042 ... 1026 1037 1025]
 [1016 1021 1043 ... 1026 1028 1031]]",9.690382164387305
25,Dark.60.000secs.1x1.-25.00C.00034302.fit,dark,60.0,-25.0,"(3600, 4500)","(1000, 1000)",1024.5012235,983,33535,1026.285963,35.09728704846903,1.7847395000001143,"[[1021 1030 1031 ... 1026 1034 1041]
 [1019 1009 1011 ... 1022 1031 1018]
 [1018 1015 1010 ... 1017 1032 1046]
 ...
 [1041 1037 1024 ... 1026 1036 1039]
 [1034 1019 1033 ... 1033 1038 1026]
 [1028 1032 1024 ... 1038 1031 1015]]",9.690382164387305
20,Dark.300.000secs.1x1.-25.00C.00034304.fit,dark,300.0,-25.0,"(3600, 4500)","(1000, 1000)",1024.5012235,980,64448,1034.317747,75.76812353387136,9.81652350000013,"[[1035 1030 1046 ... 1026 1022 1038]
 [1040 1054 1028 ... 1015 1061 1053]
 [1018 1024 1043 ... 1055 1040 1029]
 ...
 [1030 1027 1042 ... 1029 1042 1028]
 [1025 1048 1044 ... 1069 1043 1017]
 [1033 1039 1031 ... 1027 1047 1031]]",9.690382164387305
35,Dark.300.000secs.1x1.-25.00C.00034303.fit,dark,300.0,-25.0,"(3600, 4500)","(1000, 1000)",1024.5012235,986,64595,1034.098202,76.1590314300753,9.596978499999977,"[[1043 1045 1037 ... 1034 1041 1041]
 [1032 1032 1018 ... 1034 1054 1043]
 [1039 1020 1033 ... 1035 1020 1034]
 ...
 [1038 1038 1028 ... 1017 1029 1028]
 [1049 1027 1050 ... 1061 1035 1039]
 [1030 1039 1016 ... 1032 1046 1037]]",9.690382164387305
28,Dark.600.000secs.1x1.-25.00C.00034306.fit,dark,600.0,-25.0,"(3600, 4500)","(1000, 1000)",1024.5012235,991,65535,1044.151916,97.17735683547347,19.650692500000105,"[[1037 1038 1034 ... 1036 1042 1065]
 [1041 1029 1047 ... 1044 1060 1038]
 [1040 1053 1061 ... 1034 1068 1060]
 ...
 [1045 1027 1033 ... 1063 1041 1033]
 [1047 1040 1037 ... 1095 1040 1041]
 [1062 1030 1039 ... 1030 1032 1027]]",9.690382164387305
48,Dark.600.000secs.1x1.-25.00C.00034305.fit,dark,600.0,-25.0,"(3600, 4500)","(1000, 1000)",1024.5012235,990,65535,1043.864026,97.07563593956684,19.362802500000043,"[[1061 1035 1046 ... 1026 1037 1057]
 [1048 1050 1037 ... 1033 1034 1028]
 [1048 1053 1031 ... 1038 1045 1032]
 ...
 [1171 1609 1248 ... 1049 1053 1032]
 [1059 1144 1106 ... 1104 1041 1048]
 [1056 1063 1056 ... 1057 1045 1034]]",9.690382164387305
61,Dark.900.000secs.1x1.-25.00C.00034307.fit,dark,900.0,-25.0,"(3600, 4500)","(1000, 1000)",1024.5012235,999,65535,1053.686571,118.64486895463264,29.185347500000034,"[[1051 1047 1059 ... 1048 1038 1054]
 [1065 1047 1055 ... 1032 1047 1071]
 [1059 1059 1035 ... 1022 1046 1065]
 ...
 [1047 1054 1060 ... 1046 1048 1051]
 [1043 1060 1077 ... 1131 1060 1075]
 [1045 1028 1071 ... 1088 1059 1048]]",9.690382164387305
69,Dark.900.000secs.1x1.-25.00C.00034308.fit,dark,900.0,-25.0,"(3600, 4500)","(1000, 1000)",1024.5012235,1000,65535,1054.125919,118.68772397937981,29.624695500000144,"[[1040 1053 1048 ... 1032 1038 1047]
 [1045 1060 1050 ... 1058 1054 1069]
 [1042 1053 1059 ... 1056 1027 1044]
 ...
 [1038 1055 1036 ... 1073 1052 1055]
 [1034 1056 1043 ... 1104 1064 1063]
 [1044 1067 1051 ... 1056 1039 1047]]",9.690382164387305
42,Dark.1200.000secs.1x1.-25.00C.00034310.fit,dark,1200.0,-25.0,"(3600, 4500)","(1000, 1000)",1024.5012235,1003,65535,1064.118952,139.06434782654284,39.61772850000011,"[[1040 1072 1043 ... 1060 1052 1073]
 [1048 1047 1053 ... 1062 1073 1055]
 [1074 1068 1064 ... 1029 1072 1078]
 ...
 [1073 1073 1073 ... 1056 1052 1072]
 [1058 1078 1068 ... 1160 1072 1074]
 [1066 1057 1079 ... 1072 1082 1057]]",9.690382164387305
56,Dark.1200.000secs.1x1.-25.00C.00034309.fit,dark,1200.0,-25.0,"(3600, 4500)","(1000, 1000)",1024.5012235,1005,65535,1063.595382,139.04490338834455,39.09415850000005,"[[1040 1044 1054 ... 1038 1059 1058]
 [1055 1056 1069 ... 1045 1060 1042]
 [1045 1078 1071 ... 1053 1086 1042]
 ...
 [1057 1062 1081 ... 1056 1069 1080]
 [1076 1067 1083 ... 1167 1069 1057]
 [1054 1065 1054 ... 1055 1083 1049]]",9.690382164387305
7,Dark.1800.000secs.1x1.-25.00C.00034312.fit,dark,1800.0,-25.0,"(3600, 4500)","(1000, 1000)",1024.5012235,1020,65535,1085.514469,177.0767906153939,61.01324550000004,"[[1055 1079 1065 ... 1066 1060 1106]
 [1074 1066 1065 ... 1083 1096 1071]
 [1081 1076 1093 ... 1076 1105 1067]
 ...
 [1121 1099 1113 ... 1095 1066 1086]
 [1067 1080 1076 ... 1263 1100 1086]
 [1055 1065 1073 ... 1094 1120 1067]]",9.690382164387305
62,Dark.1800.000secs.1x1.-25.00C.00034311.fit,dark,1800.0,-25.0,"(3600, 4500)","(1000, 1000)",1024.5012235,1015,65535,1083.970908,176.88996408970047,59.469684500000085,"[[1088 1062 1092 ... 1078 1074 1135]
 [1077 1087 1077 ... 1064 1089 1083]
 [1077 1084 1070 ... 1060 1105 1079]
 ...
 [1076 1084 1092 ... 1093 1091 1089]
 [1077 1085 1091 ... 1242 1094 1081]
 [1069 1105 1094 ... 1088 1075 1079]]",9.690382164387305
8,Bias.1x1.-20.00C.00034285.fit,bias,0.0,-20.0,"(3600, 4500)","(1000, 1000)",1019.8194619999999,972,1090,1019.744574,9.604643645577072,-0.07488799999998719,"[[1027 1031 1008 ... 1014 1022 1028]
 [1028 1010 1022 ... 1013 1020 1007]
 [1022 1012 1016 ... 1021 1027 1030]
 ...
 [1018 1014 1021 ... 1009 1032 1002]
 [1024 1031  997 ... 1022 1035 1008]
 [1019 1015 1013 ... 1022 1036 1018]]",9.701335347915304
55,Bias.1x1.-20.00C.00034286.fit,bias,0.0,-20.0,"(3600, 4500)","(1000, 1000)",1019.8194619999999,978,2091,1019.89435,9.798027050253536,0.07488800000010087,"[[1015 1042 1005 ... 1016 1003 1028]
 [1040 1017 1009 ... 1019 1025 1020]
 [1024 1007 1005 ... 1026 1025 1020]
 ...
 [1017 1023 1036 ... 1032 1022 1017]
 [1029 1021 1029 ... 1021 1035 1018]
 [1036 1015 1034 ... 1006 1020 1025]]",9.701335347915304
40,Dark.60.000secs.1x1.-20.00C.00034287.fit,dark,60.0,-20.0,"(3600, 4500)","(1000, 1000)",1019.8194619999999,976,40151,1022.447817,42.70100156828306,2.628355000000056,"[[1026 1025 1014 ... 1027 1023 1020]
 [1030 1021 1032 ... 1022 1027 1030]
 [1013 1021 1039 ... 1009 1020 1028]
 ...
 [1034 1020 1021 ... 1020 1014 1009]
 [1020 1022 1007 ... 1044 1030 1021]
 [1017 1034 1019 ... 1026 1019 1018]]",9.701335347915304
46,Dark.60.000secs.1x1.-20.00C.00034288.fit,dark,60.0,-20.0,"(3600, 4500)","(1000, 1000)",1019.8194619999999,980,40270,1022.733843,42.5211413234799,2.9143810000000485,"[[1023 1011 1015 ... 1027 1036 1026]
 [1023 1022 1018 ... 1041 1012 1016]
 [1016 1027 1033 ... 1014 1011 1020]
 ...
 [1027 1027 1042 ... 1037 1016 1016]
 [1012 1019 1021 ... 1030 1022 1051]
 [1014 1021 1044 ... 1032 1007 1025]]",9.701335347915304
13,Dark.300.000secs.1x1.-20.00C.00034290.fit,dark,300.0,-20.0,"(3600, 4500)","(1000, 1000)",1019.8194619999999,986,65535,1032.594485,86.54119611251495,12.775023000000147,"[[1028 1026 1022 ... 1016 1038 1019]
 [1035 1020 1033 ... 1027 1030 1017]
 [1017 1026 1038 ... 1032 1017 1042]
 ...
 [1032 1035 1026 ... 1021 1041 1039]
 [1036 1045 1031 ... 1078 1021 1023]
 [1039 1046 1039 ... 1048 1047 1023]]",9.701335347915304
16,Dark.300.000secs.1x1.-20.00C.00034289.fit,dark,300.0,-20.0,"(3600, 4500)","(1000, 1000)",1019.8194619999999,979,65535,1032.188347,86.86265883800468,12.368885000000091,"[[1048 1037 1035 ... 1021 1041 1041]
 [1041 1038 1034 ... 1038 1045 1027]
 [1039 1029 1016 ... 1038 1037 1029]
 ...
 [1038 1018 1014 ... 1031 1028 1038]
 [1024 1033 1028 ... 1059 1021 1035]
 [1041 1023 1032 ... 1020 1014 1023]]",9.701335347915304
17,Dark.600.000secs.1x1.-20.00C.00034291.fit,dark,600.0,-20.0,"(3600, 4500)","(1000, 1000)",1019.8194619999999,994,65535,1044.517636,118.71762731360288,24.698174000000108,"[[1023 1028 1031 ... 1056 1030 1036]
 [1033 1022 1041 ... 1057 1034 1037]
 [1030 1042 1045 ... 1036 1050 1035]
 ...
 [1019 1043 1077 ... 1064 1066 1062]
 [1040 1025 1038 ... 1095 1076 1016]
 [1037 1032 1055 ... 1041 1062 1056]]",9.701335347915304
45,Dark.600.000secs.1x1.-20.00C.00034292.fit,dark,600.0,-20.0,"(3600, 4500)","(1000, 1000)",1019.8194619999999,995,65535,1045.196184,118.68429367796793,25.376721999999972,"[[1040 1050 1043 ... 1054 1051 1051]
 [1033 1052 1036 ... 1044 1025 1036]
 [1034 1046 1026 ... 1041 1040 1045]
 ...
 [1039 1029 1046 ... 1025 1068 1061]
 [1033 1064 1045 ... 1055 1049 1038]
 [1023 1058 1041 ... 1038 1054 1015]]",9.701335347915304
18,Dark.900.000secs.1x1.-20.00C.00034293.fit,dark,900.0,-20.0,"(3600, 4500)","(1000, 1000)",1019.8194619999999,1001,65535,1057.361674,149.2349109756753,37.54221200000006,"[[1053 1065 1067 ... 1065 1053 1035]
 [1027 1043 1047 ... 1039 1059 1049]
 [1043 1059 1039 ... 1043 1062 1042]
 ...
 [1038 1066 1051 ... 1046 1077 1079]
 [1057 1066 1084 ... 1128 1069 1079]
 [1056 1062 1058 ... 1048 1048 1049]]",9.701335347915304
31,Dark.900.000secs.1x1.-20.00C.00034294.fit,dark,900.0,-20.0,"(3600, 4500)","(1000, 1000)",1019.8194619999999,996,65535,1057.799646,149.3133749878915,37.98018400000001,"[[1032 1043 1047 ... 1036 1060 1055]
 [1033 1029 1069 ... 1047 1062 1048]
 [1042 1053 1069 ... 1031 1050 1065]
 ...
 [1044 1028 1061 ... 1067 1056 1052]
 [1070 1067 1066 ... 1114 1079 1085]
 [1045 1052 1055 ... 1039 1061 1046]]",9.701335347915304
11,Dark.1200.000secs.1x1.-20.00C.00034296.fit,dark,1200.0,-20.0,"(3600, 4500)","(1000, 1000)",1019.8194619999999,1005,65535,1071.050786,177.01885377208325,51.231324000000086,"[[1082 1086 1068 ... 1072 1065 1062]
 [1069 1050 1088 ... 1041 1060 1073]
 [1067 1059 1067 ... 1063 1065 1072]
 ...
 [1052 1067 1084 ... 1069 1088 1083]
 [1062 1077 1083 ... 1184 1062 1059]
 [1065 1074 1072 ... 1089 1091 1051]]",9.701335347915304
50,Dark.1200.000secs.1x1.-20.00C.00034295.fit,dark,1200.0,-20.0,"(3600, 4500)","(1000, 1000)",1019.8194619999999,1007,65535,1070.33811,177.24809327501353,50.518647999999985,"[[1069 1063 1059 ... 1060 1068 1064]
 [1065 1067 1072 ... 1059 1079 1078]
 [1061 1083 1045 ... 1073 1054 1052]
 ...
 [1060 1074 1074 ... 1098 1055 1078]
 [1038 1074 1090 ... 1186 1069 1058]
 [1050 1069 1093 ... 1077 1076 1070]]",9.701335347915304
14,Dark.1800.000secs.1x1.-20.00C.00034297.fit,dark,1800.0,-20.0,"(3600, 4500)","(1000, 1000)",1019.8194619999999,1024,65535,1095.371097,221.37930920484996,75.55163500000003,"[[1084 1103 1090 ... 1076 1075 1118]
 [1068 1066 1129 ... 1084 1111 1092]
 [1049 1083 1067 ... 1087 1087 1107]
 ...
 [1104 1082 1091 ... 1085 1108 1089]
 [1099 1105 1135 ... 1299 1084 1076]
 [1090 1096 1092 ... 1097 1117 1084]]",9.701335347915304
64,Dark.1800.000secs.1x1.-20.00C.00034298.fit,dark,1800.0,-20.0,"(3600, 4500)","(1000, 1000)",1019.8194619999999,1026,65535,1096.740151,221.31962161430064,76.92068900000004,"[[1086 1093 1081 ... 1063 1063 1106]
 [1065 1088 1099 ... 1072 1110 1096]
 [1088 1101 1083 ... 1077 1130 1110]
 ...
 [1113 1108 1111 ... 1120 1109 1122]
 [1120 1108 1098 ... 1261 1126 1105]
 [1105 1091 1103 ... 1104 1079 1076]]",9.701335347915304
57,Bias.1x1.-15.00C.00034270.fit,bias,0.0,-15.0,"(3600, 4500)","(1000, 1000)",1033.109273,986,1139,1033.034175,10.043656558712817,-0.07509800000002542,"[[1033 1014 1027 ... 1041 1027 1030]
 [1023 1032 1028 ... 1041 1039 1041]
 [1033 1042 1051 ... 1052 1029 1025]
 ...
 [1022 1033 1032 ... 1040 1021 1022]
 [1017 1037 1038 ... 1027 1048 1027]
 [1045 1034 1022 ... 1042 1044 1028]]",10.042215274757236
58,Bias.1x1.-15.00C.00034271.fit,bias,0.0,-15.0,"(3600, 4500)","(1000, 1000)",1033.109273,988,1161,1033.184371,10.040773990801657,0.07509800000002542,"[[1038 1021 1039 ... 1044 1034 1039]
 [1036 1018 1018 ... 1030 1028 1042]
 [1026 1022 1037 ... 1030 1027 1048]
 ...
 [1028 1043 1033 ... 1035 1065 1028]
 [1043 1052 1023 ... 1028 1035 1025]
 [1029 1027 1032 ... 1020 1027 1029]]",10.042215274757236
19,Dark.60.000secs.1x1.-15.00C.00034272.fit,dark,60.0,-15.0,"(3600, 4500)","(1000, 1000)",1033.109273,989,47685,1036.759118,51.74168872255791,3.649844999999914,"[[1011 1029 1035 ... 1057 1043 1039]
 [1033 1052 1033 ... 1044 1041 1049]
 [1052 1044 1022 ... 1048 1041 1043]
 ...
 [1047 1014 1039 ... 1047 1046 1030]
 [1039 1034 1050 ... 1038 1045 1053]
 [1038 1028 1039 ... 1036 1051 1017]]",10.042215274757236
23,Dark.60.000secs.1x1.-15.00C.00034273.fit,dark,60.0,-15.0,"(3600, 4500)","(1000, 1000)",1033.109273,991,47538,1036.557381,51.67444694837903,3.4481080000000475,"[[1033 1017 1047 ... 1020 1027 1047]
 [1039 1037 1042 ... 1048 1057 1028]
 [1042 1040 1026 ... 1043 1027 1038]
 ...
 [1033 1032 1058 ... 1033 1039 1034]
 [1033 1041 1028 ... 1050 1025 1056]
 [1016 1018 1039 ... 1029 1035 1039]]",10.042215274757236
1,Dark.300.000secs.1x1.-15.00C.00034274.fit,dark,300.0,-15.0,"(3600, 4500)","(1000, 1000)",1033.109273,998,65535,1049.872005,104.26009701837025,16.762731999999914,"[[1064 1040 1056 ... 1060 1041 1031]
 [1048 1043 1038 ... 1060 1045 1052]
 [1060 1037 1048 ... 1044 1065 1086]
 ...
 [1019 1060 1045 ... 1047 1046 1056]
 [1034 1047 1036 ... 1076 1026 1045]
 [1044 1040 1050 ... 1040 1043 1048]]",10.042215274757236
43,Dark.300.000secs.1x1.-15.00C.00034275.fit,dark,300.0,-15.0,"(3600, 4500)","(1000, 1000)",1033.109273,996,65535,1049.641814,103.719209613212,16.532541000000037,"[[1064 1049 1058 ... 1049 1047 1046]
 [1041 1041 1061 ... 1043 1069 1046]
 [1048 1059 1045 ... 1038 1054 1052]
 ...
 [1054 1056 1026 ... 1046 1046 1066]
 [1033 1051 1049 ... 1099 1022 1052]
 [1052 1053 1049 ... 1056 1048 1064]]",10.042215274757236
5,Dark.600.000secs.1x1.-15.00C.00034277.fit,dark,600.0,-15.0,"(3600, 4500)","(1000, 1000)",1033.109273,1007,65535,1066.384423,151.01761589946074,33.27514999999994,"[[1061 1088 1073 ... 1053 1040 1063]
 [1061 1059 1064 ... 1065 1078 1082]
 [1048 1054 1066 ... 1084 1055 1059]
 ...
 [1074 1059 1056 ... 1075 1076 1057]
 [1071 1056 1075 ... 1096 1067 1059]
 [1091 1071 1067 ... 1054 1064 1051]]",10.042215274757236
68,Dark.600.000secs.1x1.-15.00C.00034276.fit,dark,600.0,-15.0,"(3600, 4500)","(1000, 1000)",1033.109273,1009,65535,1066.53144,150.82975504696142,33.422166999999945,"[[1034 1063 1046 ... 1042 1071 1071]
 [1061 1051 1060 ... 1039 1066 1057]
 [1045 1068 1066 ... 1044 1085 1071]
 ...
 [1087 1076 1074 ... 1064 1058 1079]
 [1039 1059 1078 ... 1112 1067 1049]
 [1086 1047 1067 ... 1062 1064 1068]]",10.042215274757236
30,Dark.900.000secs.1x1.-15.00C.00034279.fit,dark,900.0,-15.0,"(3600, 4500)","(1000, 1000)",1033.109273,1020,65535,1083.661244,190.39329951017828,50.55197099999987,"[[1065 1110 1062 ... 1078 1061 1084]
 [1074 1097 1086 ... 1093 1079 1088]
 [1083 1070 1078 ... 1076 1086 1051]
 ...
 [1082 1076 1091 ... 1086 1101 1090]
 [1082 1099 1112 ... 1165 1080 1103]
 [1095 1104 1078 ... 1108 1085 1076]]",10.042215274757236
65,Dark.900.000secs.1x1.-15.00C.00034278.fit,dark,900.0,-15.0,"(3600, 4500)","(1000, 1000)",1033.109273,1015,65535,1083.339444,190.21284915002684,50.23017099999993,"[[1078 1053 1069 ... 1075 1075 1068]
 [1086 1082 1076 ... 1082 1087 1060]
 [1074 1088 1069 ... 1056 1092 1067]
 ...
 [1079 1070 1111 ... 1064 1097 1084]
 [1071 1088 1081 ... 1188 1087 1110]
 [1072 1089 1078 ... 1093 1062 1082]]",10.042215274757236
52,Dark.1200.000secs.1x1.-15.00C.00034280.fit,dark,1200.0,-15.0,"(3600, 4500)","(1000, 1000)",1033.109273,1029,65535,1100.641837,222.34468545990805,67.53256399999987,"[[1068 1082 1105 ... 1098 1054 1086]
 [1092 1095 1112 ... 1084 1105 1106]
 [1076 1100 1098 ... 1070 1110 1096]
 ...
 [1114 1106 1111 ... 1101 1081 1114]
 [1116 1103 1108 ... 1235 1093 1101]
 [1075 1070 1118 ... 1098 1106 1099]]",10.042215274757236
59,Dark.1200.000secs.1x1.-15.00C.00034281.fit,dark,1200.0,-15.0,"(3600, 4500)","(1000, 1000)",1033.109273,1028,65535,1100.216636,222.27990969235952,67.10736300000008,"[[1094 1086 1092 ... 1083 1082 1094]
 [1083 1101 1127 ... 1076 1110 1093]
 [1101 1091 1090 ... 1084 1110 1081]
 ...
 [1105 1100 1091 ... 1102 1073 1079]
 [1101 1107 1092 ... 1251 1119 1097]
 [1098 1095 1103 ... 1099 1105 1092]]",10.042215274757236
15,Dark.1800.000secs.1x1.-15.00C.00034282.fit,dark,1800.0,-15.0,"(3600, 4500)","(1000, 1000)",1033.109273,1040,65535,1132.5088,277.47402722878405,99.39952700000003,"[[1144 1116 1119 ... 1114 1091 1110]
 [1097 1128 1116 ... 1111 1138 1130]
 [1110 1147 1085 ... 1117 1146 1129]
 ...
 [1126 1140 1172 ... 1167 1132 1137]
 [1139 1138 1129 ... 1281 1134 1158]
 [1098 1123 1127 ... 1123 1121 1140]]",10.042215274757236
53,Dark.1800.000secs.1x1.-15.00C.00034283.fit,dark,1800.0,-15.0,"(3600, 4500)","(1000, 1000)",1033.109273,1037,65535,1132.92374,277.47565589869754,99.81446699999992,"[[1113 1127 1109 ... 1107 1100 1133]
 [1133 1120 1104 ... 1117 1130 1156]
 [1113 1132 1123 ... 1109 1163 1097]
 ...
 [1171 1102 1156 ... 1123 1164 1129]
 [1134 1140 1149 ... 1303 1165 1129]
 [1118 1128 1137 ... 1146 1099 1108]]",10.042215274757236
10,Bias.1x1.-10.00C.00034257.fit,bias,0.0,-10.0,"(3600, 4500)","(1000, 1000)",1027.2176960000002,983,2578,1027.122644,10.223567990152162,-0.09505200000012337,"[[1032 1038 1033 ... 1020 1030 1035]
 [1032 1023 1033 ... 1025 1041 1016]
 [1026 1035 1003 ... 1021 1036 1033]
 ...
 [1046 1028 1019 ... 1030 1033 1027]
 [1027 1034 1021 ... 1031 1017 1059]
 [1028 1027 1016 ... 1031 1011 1050]]",10.076223457102383
47,Bias.1x1.-10.00C.00034256.fit,bias,0.0,-10.0,"(3600, 4500)","(1000, 1000)",1027.2176960000002,982,1168,1027.312748,9.928878924052606,0.095051999999896,"[[1025 1026 1031 ... 1053 1027 1019]
 [1012 1013 1028 ... 1017 1026 1046]
 [1026 1040 1040 ... 1017 1017 1030]
 ...
 [1022 1028 1029 ... 1034 1034 1024]
 [1045 1040 1020 ... 1029 1034 1031]
 [1035 1020 1019 ... 1012 1040 1015]]",10.076223457102383
3,Dark.60.000secs.1x1.-10.00C.00034258.fit,dark,60.0,-10.0,"(3600, 4500)","(1000, 1000)",1027.2176960000002,985,54594,1031.969111,60.723674368978045,4.751414999999952,"[[1022 1049 1025 ... 1014 1024 1022]
 [1026 1044 1025 ... 1031 1036 1052]
 [1016 1034 1023 ... 1037 1033 1038]
 ...
 [1041 1039 1031 ... 1037 1036 1044]
 [1027 1039 1027 ... 1032 1041 1045]
 [1042 1020 1043 ... 1031 1034 1011]]",10.076223457102383
21,Dark.60.000secs.1x1.-10.00C.00034259.fit,dark,60.0,-10.0,"(3600, 4500)","(1000, 1000)",1027.2176960000002,987,54940,1031.866428,61.09216275857991,4.648731999999882,"[[1023 1016 1014 ... 1021 1036 1033]
 [1046 1049 1023 ... 1020 1032 1019]
 [1049 1036 1013 ... 1015 1036 1029]
 ...
 [1029 1019 1048 ... 1028 1026 1034]
 [1035 1036 1042 ... 1046 1023 1027]
 [1028 1035 1029 ... 1017 1031 1014]]",10.076223457102383
4,Dark.300.000secs.1x1.-10.00C.00034261.fit,dark,300.0,-10.0,"(3600, 4500)","(1000, 1000)",1027.2176960000002,996,65535,1048.910035,127.36510944249518,21.692338999999947,"[[1060 1036 1065 ... 1063 1050 1034]
 [1041 1035 1028 ... 1067 1065 1055]
 [1065 1061 1019 ... 1030 1047 1046]
 ...
 [1066 1038 1040 ... 1045 1060 1039]
 [1053 1062 1057 ... 1086 1051 1046]
 [1025 1033 1042 ... 1047 1047 1024]]",10.076223457102383
33,Dark.300.000secs.1x1.-10.00C.00034260.fit,dark,300.0,-10.0,"(3600, 4500)","(1000, 1000)",1027.2176960000002,993,65535,1049.095171,126.06294846417308,21.877474999999777,"[[1062 1054 1051 ... 1034 1050 1060]
 [1075 1042 1062 ... 1042 1063 1035]
 [1028 1053 1064 ... 1034 1053 1041]
 ...
 [1048 1037 1062 ... 1049 1035 1043]
 [1051 1040 1056 ... 1069 1030 1050]
 [1031 1050 1063 ... 1059 1045 1032]]",10.076223457102383
54,Dark.600.000secs.1x1.-10.00C.00034263.fit,dark,600.0,-10.0,"(3600, 4500)","(1000, 1000)",1027.2176960000002,1010,65535,1071.265045,188.78996447414247,44.04734899999994,"[[1082 1069 1041 ... 1057 1080 1077]
 [1063 1055 1092 ... 1069 1094 1064]
 [1072 1063 1053 ... 1061 1063 1080]
 ...
 [1080 1060 1089 ... 1070 1082 1083]
 [1045 1059 1070 ... 1127 1076 1077]
 [1059 1071 1099 ... 1072 1055 1050]]",10.076223457102383
67,Dark.600.000secs.1x1.-10.00C.00034262.fit,dark,600.0,-10.0,"(3600, 4500)","(1000, 1000)",1027.2176960000002,1009,65535,1070.502667,188.3354704427371,43.284970999999814,"[[1052 1057 1057 ... 1056 1067 1060]
 [1059 1069 1063 ... 1060 1070 1073]
 [1056 1082 1053 ... 1040 1064 1081]
 ...
 [1077 1075 1070 ... 1090 1079 1075]
 [1088 1052 1086 ... 1142 1074 1053]
 [1069 1077 1078 ... 1060 1075 1076]]",10.076223457102383
12,Dark.900.000secs.1x1.-10.00C.00034264.fit,dark,900.0,-10.0,"(3600, 4500)","(1000, 1000)",1027.2176960000002,1018,65535,1092.407523,235.38258986595523,65.18982699999992,"[[1066 1101 1064 ... 1095 1082 1085]
 [1093 1097 1076 ... 1105 1105 1113]
 [1092 1097 1069 ... 1074 1105 1079]
 ...
 [1078 1084 1085 ... 1106 1100 1113]
 [1098 1084 1112 ... 1205 1099 1102]
 [1058 1071 1074 ... 1090 1089 1094]]",10.076223457102383
41,Dark.900.000secs.1x1.-10.00C.00034265.fit,dark,900.0,-10.0,"(3600, 4500)","(1000, 1000)",1027.2176960000002,1014,65535,1092.754984,235.45643756576237,65.53728799999976,"[[1085 1092 1054 ... 1083 1068 1064]
 [1076 1080 1110 ... 1071 1084 1104]
 [1088 1112 1103 ... 1065 1095 1077]
 ...
 [1102 1085 1110 ... 1076 1105 1104]
 [1123 1098 1103 ... 1203 1118 1093]
 [1077 1082 1081 ... 1075 1102 1070]]",10.076223457102383
0,Dark.1200.000secs.1x1.-10.00C.00034267.fit,dark,1200.0,-10.0,"(3600, 4500)","(1000, 1000)",1027.2176960000002,1030,65535,1115.013494,274.3914784316596,87.79579799999988,"[[1094 1138 1105 ... 1081 1125 1116]
 [1103 1097 1107 ... 1087 1120 1090]
 [1076 1111 1099 ... 1094 1145 1100]
 ...
 [1119 1137 1119 ... 1099 1107 1097]
 [1139 1122 1094 ... 1240 1125 1116]
 [1088 1117 1112 ... 1114 1134 1112]]",10.076223457102383
38,Dark.1200.000secs.1x1.-10.00C.00034266.fit,dark,1200.0,-10.0,"(3600, 4500)","(1000, 1000)",1027.2176960000002,1032,65535,1113.8623,274.4026496204255,86.64460399999984,"[[1122 1109 1107 ... 1130 1103 1099]
 [1095 1100 1109 ... 1103 1118 1123]
 [1110 1098 1109 ... 1096 1114 1113]
 ...
 [1114 1113 1124 ... 1097 1125 1174]
 [1113 1129 1106 ... 1217 1101 1127]
 [1110 1101 1127 ... 1091 1108 1093]]",10.076223457102383
34,Dark.1800.000secs.1x1.-10.00C.00034268.fit,dark,1800.0,-10.0,"(3600, 4500)","(1000, 1000)",1027.2176960000002,1063,65535,1158.020816,338.4237079766932,130.8031199999998,"[[1131 1154 1126 ... 1153 1135 1151]
 [1122 1137 1171 ... 1122 1170 1143]
 [1115 1134 1137 ... 1143 1186 1153]
 ...
 [1156 1184 1194 ... 1148 1167 1171]
 [1156 1159 1168 ... 1369 1185 1153]
 [1125 1178 1144 ... 1130 1169 1140]]",10.076223457102383
44,Dark.1800.000secs.1x1.-10.00C.00034269.fit,dark,1800.0,-10.0,"(3600, 4500)","(1000, 1000)",1027.2176960000002,1063,65535,1159.453979,338.6412108649323,132.23628299999973,"[[1142 1153 1142 ... 1108 1160 1186]
 [1136 1169 1151 ... 1125 1181 1134]
 [1103 1164 1154 ... 1140 1159 1148]
 ...
 [1174 1150 1180 ... 1190 1158 1170]
 [1145 1152 1151 ... 1296 1152 1175]
 [1144 1154 1142 ... 1175 1164 1126]]",10.076223457102383
